<?xml version="1.0" encoding="UTF-8" ?>
<!--
  This is the default Solr schema file for CoreMedia Elastic Core applications in the Blueprint.
-->
<schema name="elastic" version="1.6">

  <!--
    Field to use to determine and enforce document uniqueness.
  -->
  <uniqueKey>id</uniqueKey>

  <!-- =====================================================================
       FIELDS
       ===================================================================== -->

  <!--
    Solr internal field - used for optimistic locking, transaction log and real-time get.
  -->
  <field name="_version_" type="long" indexed="false" stored="false" docValues="true"/>

  <!--
    The ID, which is the unique key of the index document.
  -->
  <field name="id" type="string" indexed="true" stored="true" required="true" multiValued="false" />

  <!--
    The elastic core model collection.
  -->
  <field name="collection" type="string" indexed="true" stored="true" required="true" multiValued="false" />

  <!-- Dynamic field definitions for field types used by Elastic Core -->
  <dynamicField name="*_t"      type="text_general" indexed="true" stored="true"/>
  <dynamicField name="*_tdt"    type="tdate"        indexed="true" stored="true"/>
  <dynamicField name="*_lt_lc"  type="text_lt_lc"   indexed="true" stored="true"/>
  <dynamicField name="*_lt_lcs" type="text_lt_lc"   indexed="true" stored="true" multiValued="true"/>
  <dynamicField name="*_ws_lc"  type="text_ws_lc"   indexed="true" stored="true"/>

  <!-- A dynamic field with textual content that can be sorted -->
  <dynamicField name="*_sort"   type="text_lc" indexed="true" stored="true"/>

  <!--
    The default text search field.

    It contains the content of all searchable text fields as specified by copyField rules below.
  -->
  <field name="text" type="text_general" indexed="true" stored="false" multiValued="true"/>

  <copyField source="id" dest="text" />
  <copyField source="*_t" dest="text" />
  <copyField source="*_lt_lc" dest="text" />
  <copyField source="*_lt_lcs" dest="text" />
  <copyField source="*_ws_lc" dest="text" />

  <!-- =====================================================================
       FIELD TYPES

       Note that Apache Solr defines lots of further useful field types in
       its example configuration. This includes special field types for lots
       of languages (e.g. with stemming) and advanced Solr features.

       These field types are not defined in this default configuration file
       to keep it simple and avoid unnecessary overhead.

       You can find these additional field types in the configuration file
       server/solr/configsets/_default/conf/managed-schema
       after downloading and unpacking the Apache Solr distribution.

       For searching in different languages, see also chapter
       "Searching In Different Languages" in the CoreMedia Search Engine Manual.
       ===================================================================== -->

  <!-- The StrField type is not analyzed, but indexed/stored verbatim. -->
  <fieldType name="string" class="solr.StrField" sortMissingLast="true" />

  <!-- boolean type: "true" or "false" -->
  <fieldType name="boolean" class="solr.BoolField" sortMissingLast="true"/>

  <!--
      Numeric field types that index values using KD-trees.
      Point fields don't support FieldCache, so they must have docValues="true" if needed for sorting, faceting, functions, etc.
    -->
    <fieldType name="pint" class="solr.IntPointField" docValues="true"/>
    <fieldType name="pfloat" class="solr.FloatPointField" docValues="true"/>
    <fieldType name="plong" class="solr.LongPointField" docValues="true"/>
    <fieldType name="pdouble" class="solr.DoublePointField" docValues="true"/>

  <!--
      Numeric field types. For faster range queries, consider *PointFields (pint/pfloat/plong/pdouble), or the
      tint/tfloat/tlong/tdouble types.
  -->
  <fieldType name="int" class="solr.TrieIntField" docValues="true" precisionStep="0" positionIncrementGap="0"/>
  <fieldType name="float" class="solr.TrieFloatField" docValues="true" precisionStep="0" positionIncrementGap="0"/>
  <fieldType name="long" class="solr.TrieLongField" docValues="true" precisionStep="0" positionIncrementGap="0"/>
  <fieldType name="double" class="solr.TrieDoubleField" docValues="true" precisionStep="0" positionIncrementGap="0"/>

  <!--
   Numeric field types that index each value at various levels of precision
   to accelerate range queries when the number of values between the range
   endpoints is large. See the javadoc for NumericRangeQuery for internal
   implementation details.

   Smaller precisionStep values (specified in bits) will lead to more tokens
   indexed per value, slightly larger index size, and faster range queries.
   A precisionStep of 0 disables indexing at different precision levels.

     Consider using pint/pfloat/plong/pdouble instead of Trie* fields if possible
  -->
  <fieldType name="tint" class="solr.TrieIntField" docValues="true" precisionStep="8" positionIncrementGap="0"/>
  <fieldType name="tfloat" class="solr.TrieFloatField" docValues="true" precisionStep="8" positionIncrementGap="0"/>
  <fieldType name="tlong" class="solr.TrieLongField" docValues="true" precisionStep="8" positionIncrementGap="0"/>
  <fieldType name="tdouble" class="solr.TrieDoubleField" docValues="true" precisionStep="8" positionIncrementGap="0"/>

  <!-- The format for this date field is of the form 1995-12-31T23:59:59Z, and
       is a more restricted form of the canonical representation of dateTime
       http://www.w3.org/TR/xmlschema-2/#dateTime
       The trailing "Z" designates UTC time and is mandatory.
       Optional fractional seconds are allowed: 1995-12-31T23:59:59.999Z
       All other components are mandatory.

       Expressions can also be used to denote calculations that should be
       performed relative to "NOW" to determine the value, ie...

             NOW/HOUR
                ... Round to the start of the current hour
             NOW-1DAY
                ... Exactly 1 day prior to now
             NOW/DAY+6MONTHS+3DAYS
                ... 6 months and 3 days in the future from the start of
                    the current day

  -->
  <!-- KD-tree versions of date fields -->
  <fieldType name="pdate" class="solr.DatePointField" docValues="true"/>

  <fieldType name="date" class="solr.TrieDateField" docValues="true" precisionStep="0" positionIncrementGap="0"/>

  <fieldType name="tdate" class="solr.TrieDateField" docValues="true" precisionStep="6" positionIncrementGap="0"/>

  <!-- A text field that splits on non-letter characters and user lower-casing -->
  <fieldType name="text_lt_lc" class="solr.TextField" positionIncrementGap="100">
    <analyzer>
      <tokenizer class="solr.LetterTokenizerFactory"/>
      <filter class="solr.LowerCaseFilterFactory"/>
    </analyzer>
  </fieldType>

  <!--
    A general text field that has reasonable, generic cross-language defaults:
    It tokenizes with StandardTokenizer and uses lower-casing.

    Opposed to the Apache Solr example configuration for this field type,
    stop-word removal and synonyms have been disabled here.
    If you want to remove stop-words and/or add synonyms, enable the respective
    outcommented filters below and add the referenced configuration files with
    stop-word and synonym definitions for your project.

    Furthermore autoGeneratePhraseQueries was set to true to improve precision.
  -->
  <fieldType name="text_general" class="solr.TextField" positionIncrementGap="100" autoGeneratePhraseQueries="true">
    <analyzer type="index">
      <tokenizer class="solr.StandardTokenizerFactory"/>
      <!-- <filter class="solr.StopFilterFactory" ignoreCase="true" words="stopwords.txt" /> -->
      <filter class="solr.LowerCaseFilterFactory"/>
    </analyzer>
    <analyzer type="query">
      <tokenizer class="solr.StandardTokenizerFactory"/>
      <!-- <filter class="solr.StopFilterFactory" ignoreCase="true" words="stopwords.txt" /> -->
      <!-- <filter class="solr.SynonymGraphFilterFactory" expand="true" ignoreCase="true" synonyms="synonyms.txt"/> -->
      <filter class="solr.LowerCaseFilterFactory"/>
    </analyzer>
  </fieldType>

  <!-- lowercases the entire field value, keeping it as a single token.  -->
  <fieldType name="text_lc" class="solr.TextField" positionIncrementGap="100">
    <analyzer>
      <tokenizer class="solr.KeywordTokenizerFactory"/>
      <filter class="solr.LowerCaseFilterFactory" />
    </analyzer>
  </fieldType>

  <!-- A text field that only splits on whitespace and lowercases -->
  <fieldType name="text_ws_lc" class="solr.TextField" positionIncrementGap="100">
    <analyzer>
      <tokenizer class="solr.WhitespaceTokenizerFactory"/>
      <filter class="solr.LowerCaseFilterFactory" />
    </analyzer>
  </fieldType>


</schema>
