<?xml version="1.0" encoding="UTF-8" ?>
<!--
   This is the central "solr.xml" configuration file.

   More information about options available in this configuration file can be found
   at https://lucene.apache.org/solr/guide/7_7/format-of-solr-xml.html
-->

<solr>

  <str name="sharedLib">lib</str>
  <bool name="shareSchema">true</bool>
  <str name="coreRootDirectory">${coreRootDirectory:cores}</str>

  <solrcloud>

    <str name="host">${host:}</str>
    <int name="hostPort">${jetty.port:8983}</int>
    <str name="hostContext">${hostContext:solr}</str>

    <bool name="genericCoreNodeNames">${genericCoreNodeNames:true}</bool>

    <int name="zkClientTimeout">${zkClientTimeout:30000}</int>
    <int name="distribUpdateSoTimeout">${distribUpdateSoTimeout:600000}</int>
    <int name="distribUpdateConnTimeout">${distribUpdateConnTimeout:60000}</int>
    <str name="zkCredentialsProvider">${zkCredentialsProvider:org.apache.solr.common.cloud.DefaultZkCredentialsProvider}</str>
    <str name="zkACLProvider">${zkACLProvider:org.apache.solr.common.cloud.DefaultZkACLProvider}</str>

  </solrcloud>

  <shardHandlerFactory name="shardHandlerFactory"
                       class="HttpShardHandlerFactory">
    <int name="socketTimeout">${socketTimeout:600000}</int>
    <int name="connTimeout">${connTimeout:60000}</int>
    <str name="shardsWhitelist">${solr.shardsWhitelist:}</str>
  </shardHandlerFactory>

</solr>
